Full Name,Contact Number (10 Digits only),Email ID,Full Address,Pin Code,Date of Birth,Gender,Type this code: GNFPYC  - This code is to verify you are a human. Protected by fanatical.
John Doe,9876500000,john.doe@example.com,"123 Main St, CityA, Country",110001,1990-01-15,Male,GNFPYC
Jane Smith,9876500001,jane.smith@example.com,"456 Market Rd, CityB, Country",110002,1992-03-22,Female,GNFPYC
Alan Brown,9876500002,alan.brown@example.com,"789 Central Ave, CityC, Country",110003,1988-07-09,Male,GNFPYC
Emily Davis,9876500003,emily.davis@example.com,"321 Baker St, CityD, Country",110004,1995-12-01,Female,GNFPYC
Michael Johnson,9876500004,michael.johnson@example.com,"654 Lakeview Dr, CityE, Country",110005,1991-06-18,Male,GNFPYC
Laura Wilson,9876500005,laura.wilson@example.com,"987 Hill St, CityF, Country",110006,1989-09-30,Female,GNFPYC
David Martinez,9876500006,david.martinez@example.com,"222 River Rd, CityG, Country",110007,1993-04-10,Male,GNFPYC
Sarah Lee,9876500007,sarah.lee@example.com,"333 Maple Ave, CityH, Country",110008,1990-11-21,Female,GNFPYC
Chris Walker,9876500008,chris.walker@example.com,"444 Oak St, CityI, Country",110009,1987-02-17,Male,GNFPYC
Olivia Harris,9876500009,olivia.harris@example.com,"555 Pine Rd, CityJ, Country",110010,1994-08-05,Female,GNFPYC
Daniel Young,9876500010,daniel.young@example.com,"666 Cedar Ln, CityK, Country",110011,1991-05-20,Male,GNFPYC
Sophia King,9876500011,sophia.king@example.com,"777 Birch Blvd, CityL, Country",110012,1990-07-12,Female,GNFPYC
Mark Allen,9876500012,mark.allen@example.com,"888 Walnut St, CityM, Country",110013,1985-01-26,Male,GNFPYC
Ava Scott,9876500013,ava.scott@example.com,"999 Willow Rd, CityN, Country",110014,1992-10-10,Female,GNFPYC
James Baker,9876500014,james.baker@example.com,"111 Chestnut Ln, CityO, Country",110015,1989-06-05,Male,GNFPYC
Mia Carter,9876500015,mia.carter@example.com,"222 Aspen Ave, CityP, Country",110016,1993-03-14,Female,GNFPYC
Ethan Brooks,9876500016,ethan.brooks@example.com,"333 Poplar Dr, CityQ, Country",110017,1988-12-22,Male,GNFPYC
Isabella Barnes,9876500017,isabella.barnes@example.com,"444 Spruce Ct, CityR, Country",110018,1995-04-28,Female,GNFPYC
Liam Turner,9876500018,liam.turner@example.com,"555 Elm St, CityS, Country",110019,1991-09-19,Male,GNFPYC
Charlotte Reed,9876500019,charlotte.reed@example.com,"666 Palm Way, CityT, Country",110020,1992-11-03,Female,GNFPYC
Noah Morris,9876500020,noah.morris@example.com,"777 Vine Ave, CityU, Country",110021,1987-07-07,Male,GNFPYC
Amelia Rogers,9876500021,amelia.rogers@example.com,"888 Cypress Rd, CityV, Country",110022,1994-01-09,Female,GNFPYC
Oliver Hughes,9876500022,oliver.hughes@example.com,"999 Redwood Ln, CityW, Country",110023,1990-10-30,Male,GNFPYC
Harper Price,9876500023,harper.price@example.com,"111 Juniper St, CityX, Country",110024,1989-08-15,Female,GNFPYC
Mason Kelly,9876500024,mason.kelly@example.com,"222 Sycamore Blvd, CityY, Country",110025,1993-05-11,Male,GNFPYC
Evelyn Cooper,9876500025,evelyn.cooper@example.com,"333 Alder Rd, CityZ, Country",110026,1995-02-01,Female,GNFPYC
Logan Turner,9876500026,logan.turner@example.com,"444 Ash Ln, CityAA, Country",110027,1991-06-25,Male,GNFPYC
Avery James,9876500027,avery.james@example.com,"555 Beech St, CityAB, Country",110028,1988-09-09,Female,GNFPYC
Carter Bailey,9876500028,carter.bailey@example.com,"666 Hazel Way, CityAC, Country",110029,1992-12-10,Male,GNFPYC
Ella Rivera,9876500029,ella.rivera@example.com,"777 Cherry Ct, CityAD, Country",110030,1990-03-19,Female,GNFPYC
Grayson Perez,9876500030,grayson.perez@example.com,"888 Magnolia Ave, CityAE, Country",110031,1987-10-05,Male,GNFPYC
Scarlett Ramirez,9876500031,scarlett.ramirez@example.com,"999 Hickory Rd, CityAF, Country",110032,1994-07-11,Female,GNFPYC
Hudson Jameson,9876500032,hudson.jameson@example.com,"111 Dogwood St, CityAG, Country",110033,1989-11-27,Male,GNFPYC
Luna Mitchell,9876500033,luna.mitchell@example.com,"222 Maple Ct, CityAH, Country",110034,1993-08-23,Female,GNFPYC
Wyatt Clark,9876500034,wyatt.clark@example.com,"333 Cottonwood Dr, CityAI, Country",110035,1995-05-06,Male,GNFPYC
Penelope Foster,9876500035,penelope.foster@example.com,"444 Ivy Ln, CityAJ, Country",110036,1990-04-14,Female,GNFPYC
Henry Ramirez,9876500036,henry.ramirez@example.com,"555 Cedar Ct, CityAK, Country",110037,1988-01-31,Male,GNFPYC
Sofia Brooks,9876500037,sofia.brooks@example.com,"666 Pine St, CityAL, Country",110038,1992-06-20,Female,GNFPYC
Owen Parker,9876500038,owen.parker@example.com,"777 Fir Ave, CityAM, Country",110039,1991-12-17,Male,GNFPYC
Ella Adams,9876500039,ella.adams@example.com,"888 Elm Rd, CityAN, Country",110040,1993-09-01,Female,GNFPYC
Jackson Ward,9876500040,jackson.ward@example.com,"999 Oak Ln, CityAO, Country",110041,1989-02-25,Male,GNFPYC
Layla Diaz,9876500041,layla.diaz@example.com,"111 Maple St, CityAP, Country",110042,1995-11-16,Female,GNFPYC
Aiden Murphy,9876500042,aiden.murphy@example.com,"222 Pine Ct, CityAQ, Country",110043,1990-07-27,Male,GNFPYC
Nora Cox,9876500043,nora.cox@example.com,"333 Birch Rd, CityAR, Country",110044,1987-05-02,Female,GNFPYC
Caleb Ward,9876500044,caleb.ward@example.com,"444 Spruce Ln, CityAS, Country",110045,1992-01-19,Male,GNFPYC
Hannah Evans,9876500045,hannah.evans@example.com,"555 Oak Dr, CityAT, Country",110046,1994-10-22,Female,GNFPYC
Benjamin Ross,9876500046,benjamin.ross@example.com,"666 Ash St, CityAU, Country",110047,1991-03-08,Male,GNFPYC
Victoria Hall,victoria.hall@example.com,9876500047,"777 Pine Way, CityAV, Country",110048,1988-08-29,Female,GNFPYC
Leo Scott,9876500048,leo.scott@example.com,"888 Willow Ln, CityAW, Country",110049,1995-02-12,Male,GNFPYC
Camila Bennett,9876500049,camila.bennett@example.com,"999 Maple Ave, CityAX, Country",110050,1990-06-03,Female,GNFPYC
